uri,title,author,editor,translator,introduction,illustrator,photographer,year,format,uncertain,ebook_url,volumes_issues,notes,event_count,borrow_count,purchase_count,circulation_years,updated
https://shakespeareandco.princeton.edu/books/gide-nourritures-terrestres/,Les Nourritures Terrestres,"Gide, André",,,,,,1897,Book,False,https://archive.org/details/lesnourritureste00gideuoft,,,1,0,1,1938,2021-11-12T12:47:36.686932+00:00
https://shakespeareandco.princeton.edu/books/merrick-actor-manager/,The Actor Manager,"Merrick, Leonard",,,,,,1898,Book,False,https://archive.org/details/actormanager00merrrich,,,1,1,0,1922,2021-01-17T22:01:25+00:00
https://shakespeareandco.princeton.edu/books/gide-immoralist/,The Immoralist,"Gide, André",,,,,,1902,Book,False,,,,2,2,0,1936;1935,2020-06-29T15:35:11+00:00
https://shakespeareandco.princeton.edu/books/merrick-conrad-quest-youth/,Conrad in Quest of His Youth,"Merrick, Leonard",,,,,,1903,Book,False,https://archive.org/details/conradinquestofh00merr,,,2,2,0,1921;1923,2021-04-18T18:52:08+00:00
https://shakespeareandco.princeton.edu/books/mims-sidney-lanier/,Sidney Lanier,"Mims, Edwin",,,,,,1905,Book,False,https://archive.org/details/sidneylanier00mims_0,,,1,1,0,1936,2021-11-06T01:46:44.326445+00:00
https://shakespeareandco.princeton.edu/books/ford-heart-country/,The Heart of the Country,"Ford, Ford Madox",,,,,,1906,Book,False,https://archive.org/details/heartofcountry00ford,,,1,1,0,1922,2021-06-23T03:05:09+00:00
https://shakespeareandco.princeton.edu/books/joyce-chamber-music/,Chamber Music,"Joyce, James",,,,,,1907,Book,False,https://archive.org/details/chambermusic00joycrich/page/n5/mode/2up,,,13,10,3,1920;1921;1922;1924;1958;1931;1935;1937;1938;1941,2020-08-30T16:23:52+00:00
https://shakespeareandco.princeton.edu/books/merrick-lynchs-daughter/,Lynch's Daughter,"Merrick, Leonard",,,,,,1908,Book,False,https://archive.org/details/lynchsdaughter00merriala,,,1,1,0,1924,2021-10-26T03:14:57.838104+00:00
https://shakespeareandco.princeton.edu/books/harris-bomb/,The Bomb,"Harris, Frank",,,,,,1908,Book,False,https://archive.org/details/bombharris00harruoft,,,1,1,0,1926,2021-03-28T20:53:15+00:00
https://shakespeareandco.princeton.edu/books/pound-exultations/,Exultations,"Pound, Ezra",,,,,,1909,Book,False,https://archive.org/details/exultationspoems00pounrich,,,1,1,0,1920,2020-07-18T01:07:22+00:00
https://shakespeareandco.princeton.edu/books/pound-personae/,Personae,"Pound, Ezra",,,,,,1909,Book,False,https://archive.org/details/in.ernet.dli.2015.93452,,,2,2,0,1930;1939,2020-07-18T01:10:02+00:00
https://shakespeareandco.princeton.edu/books/harris-man-shakespeare-tragic/,The Man Shakespeare and His Tragic Life Story,"Harris, Frank",,,,,,1909,Book,False,https://archive.org/details/manshakespearehi0000harr/page/n9/mode/2up,,,1,1,0,1926,2021-11-15T19:57:18.662117+00:00
https://shakespeareandco.princeton.edu/books/stein-three-lives/,Three Lives,"Stein, Gertrude",,,,,,1909,Book,False,https://archive.org/details/threelivesbygert00stei/page/n6/mode/2up,,,20,20,0,1920;1922;1927;1929;1930;1934;1936;1937;1938;1939;1940;1941,2020-05-12T17:17:52+00:00
https://shakespeareandco.princeton.edu/books/mansfield-german-pension/,In a German Pension,"Mansfield, Katherine",,,,,,1911,Book,False,https://archive.org/details/ingermanpension00mansrich/page/n7/mode/2up,,,8,8,0,1926;1927;1929;1934;1937,2020-08-23T19:55:31+00:00
https://shakespeareandco.princeton.edu/books/ford-ladies-whose-bright/,Ladies Whose Bright Eyes: A Romance,"Ford, Ford Madox",,,,,,1911,Book,False,https://archive.org/details/ladieswhosebrigh00ford,,,3,3,0,1937;1922,2021-07-18T00:41:31+00:00
https://shakespeareandco.princeton.edu/books/ford-critical-attitude/,The Critical Attitude,"Ford, Ford Madox",,,,,,1911,Book,False,https://archive.org/details/criticalattitude00forduoft,,,2,2,0,1922,2021-05-01T17:18:47+00:00
https://shakespeareandco.princeton.edu/books/joyce-dubliners/,Dubliners,"Joyce, James",,,,,,1914,Book,False,https://archive.org/details/dubliners00joyc_8/page/n8/mode/2up,,,50,47,2,1920;1921;1922;1923;1924;1925;1926;1927;1928;1929;1931;1934;1935;1936;1938;1939;1941,2020-04-30T19:40:20+00:00
https://shakespeareandco.princeton.edu/books/harris-great-days-novel/,Great Days: A Novel,"Harris, Frank",,,,,,1914,Book,False,https://archive.org/details/greatdays00harrrich,,,1,1,0,1940,2021-06-22T02:57:13+00:00
https://shakespeareandco.princeton.edu/books/huddleston-poincare-biographical-portrait/,Poincaré: A Biographical Portrait,"Huddleston, Sisley",,,,,,1914,Book,False,https://archive.org/details/poincareabiograp000413mbp,,,1,1,0,1924,2020-06-28T22:09:42+00:00
https://shakespeareandco.princeton.edu/books/stein-tender-buttons/,Tender Buttons,"Stein, Gertrude",,,,,,1914,Book,False,https://archive.org/details/tenderbuttonsobj00steirich,,,1,1,0,1922,2020-07-18T02:51:09+00:00
https://shakespeareandco.princeton.edu/books/romains-death-nobody/,The Death of a Nobody,"Romains, Jules",,"MacCarthy, Desmond;Waterlow, Sydney",,,,1914,Book,False,,,,4,4,0,1928;1931;1932;1936,2020-04-30T19:40:15+00:00
https://shakespeareandco.princeton.edu/books/harris-yellow-ticket-stories/,The Yellow Ticket and Other Stories,"Harris, Frank",,,,,,1914,Book,False,,,,5,5,0,1922;1924;1925;1926,2020-04-30T19:40:16+00:00
https://shakespeareandco.princeton.edu/books/harris-contemporary-portraits/,Contemporary Portraits,"Harris, Frank",,,,,,1915,Book,False,https://archive.org/details/contemporaryport00harr,,,6,6,0,1924;1926;1928;1929;1930,2021-04-18T18:57:56+00:00
https://shakespeareandco.princeton.edu/books/ford-good-soldier/,The Good Soldier,"Ford, Ford Madox",,,,,,1915,Book,False,https://archive.org/details/in.ernet.dli.2015.65708,,,3,3,0,1928;1923;1924,2021-06-22T02:31:53+00:00
https://shakespeareandco.princeton.edu/books/firbank-vainglory/,Vainglory,"Firbank, Ronald",,,,,,1915,Book,False,,,,3,3,0,1926;1927,2020-04-30T19:40:20+00:00
https://shakespeareandco.princeton.edu/books/joyce-portrait-artist-young/,A Portrait of the Artist as a Young Man,"Joyce, James",,,,,,1916,Book,False,https://archive.org/details/portraitofartist00joycrich/page/n6/mode/2up,1928,,63,56,5,1920;1921;1922;1923;1924;1925;1926;1928;1929;1930;1931;1933;1934;1935;1936;1937;1938;1939;1940;1941,2021-02-25T15:33:55+00:00
https://shakespeareandco.princeton.edu/books/pound-gaudier-brzeska-memoir/,Gaudier-Brzeska: A Memoir,"Pound, Ezra",,,,,,1916,Book,False,https://archive.org/details/gaudierbrzeska00pounrich,,,1,1,0,1934,2020-07-18T01:08:25+00:00
https://shakespeareandco.princeton.edu/books/firbank-inclinations/,Inclinations,"Firbank, Ronald",,,,,,1916,Book,False,,,,1,1,0,1933,2021-07-12T00:59:19+00:00
https://shakespeareandco.princeton.edu/books/pound-lustra/,Lustra,"Pound, Ezra",,,,,,1916,Book,False,https://archive.org/stream/ofezrapounlustra00pounrich,,,1,1,0,1920,2020-07-17T21:23:53+00:00
https://shakespeareandco.princeton.edu/books/goldring-margots-progress/,Margot's Progress,"Goldring, Douglas",,,,,,1916,Book,False,https://archive.org/details/margotsprogress00goldiala,,,1,1,0,1920,2021-11-15T19:31:27.922276+00:00
https://shakespeareandco.princeton.edu/books/firbank-odette/,Odette: A Fairy Tale for Weary People,"Firbank, Ronald",,,,,,1916,Book,False,https://archive.org/details/odettefairytalef00firbuoft/page/n12/mode/2up,,,1,1,0,1925,2020-05-04T20:37:04+00:00
https://shakespeareandco.princeton.edu/books/harris-oscar-wilde-life/,Oscar Wilde: His Life and Confessions,"Harris, Frank",,,,,,1916,Book,False,https://archive.org/details/oscarwildehislif01harrrich,Vol. 1;Vol. 2;2 vols.,,11,11,0,1925;1927;1934;1935;1936;1939,2020-07-13T12:42:17+00:00
https://shakespeareandco.princeton.edu/books/wickham-man-hammer-verses/,The Man with a Hammer: Verses,"Wickham, Anna",,,,,,1916,Book,False,https://archive.org/details/manwithhammerver00wick,,,1,1,0,1934,2021-02-28T00:14:41+00:00
https://shakespeareandco.princeton.edu/books/colum-three-plays-fiddlers/,"Three Plays: The Fiddler's House, The Land, Thomas Muskerry","Colum, Padraic",,,,,,1916,Book,False,https://archive.org/details/threeplaysfiddle01colu,,,3,3,0,1936;1933;1935,2021-11-03T01:44:22.974766+00:00
https://shakespeareandco.princeton.edu/books/merrick-chair-boulevard/,A Chair on the Boulevard,"Merrick, Leonard",,,,,,1917,Book,False,https://archive.org/details/achaironbouleva00unkngoog,,,6,6,0,1921;1924;1925;1928;1931;1937,2021-04-02T18:43:35+00:00
https://shakespeareandco.princeton.edu/books/de-lanux-young-france-new/,Young France and New America,"de Lanux, Pierre",,,,,,1917,Book,False,https://archive.org/details/youngfranceandn01lanugoog,,,1,1,0,1921,2021-01-07T19:04:21+00:00
https://shakespeareandco.princeton.edu/books/eastman-colors-life-poems/,Colors of Life: Poems and Songs and Sonnets,"Eastman, Max",,,,,,1918,Book,False,https://archive.org/details/colorsoflifepoem00eastuoft,,,1,1,0,1920;1919,2021-04-18T18:13:56+00:00
https://shakespeareandco.princeton.edu/books/joyce-exiles/,Exiles,"Joyce, James",,,,,,1918,Book,False,https://archive.org/details/playinthreexiles00joycrich/page/n6/mode/2up,,,33,31,1,1920;1921;1922;1923;1925;1926;1927;1928;1929;1930;1931;1933;1936;1938;1939;1941,2020-05-12T17:21:59+00:00
https://shakespeareandco.princeton.edu/books/pound-pavannes-divisions/,Pavannes and Divisions,"Pound, Ezra",,,,,,1918,Book,False,https://archive.org/details/pavannesdivision00poun/page/n10/mode/2up,,,6,6,0,1920;1922;1923;1924;1957,2020-05-15T03:05:02+00:00
https://shakespeareandco.princeton.edu/books/merrick-paris-laughed-pranks/,While Paris Laughed: Being Pranks and Passions of the Poet Tricotrin,"Merrick, Leonard",,,,,,1918,Book,False,https://archive.org/details/whileparislaughe00merruoft,,,4,4,0,1920;1921;1922;1926,2021-10-29T03:36:52.439831+00:00
https://shakespeareandco.princeton.edu/books/wilson-martin-schuler/,Martin Schüler,"Wilson, Romer",,,,,,1919,Book,False,https://archive.org/details/martinschuler00wils,,,1,1,0,1920,2021-11-15T18:58:30.080577+00:00
https://shakespeareandco.princeton.edu/books/pound-quia-pauper-amavi/,Quia Pauper Amavi,"Pound, Ezra",,,,,,1919,Book,False,https://archive.org/details/quiapauperamavi00pounuoft/page/n6/mode/2up,,,1,1,0,1920,2020-05-10T02:54:48+00:00
https://shakespeareandco.princeton.edu/books/firbank-valmouth/,Valmouth,"Firbank, Ronald",,,,,,1919,Book,False,,,,1,1,0,1934,2020-04-30T19:40:15+00:00
https://shakespeareandco.princeton.edu/books/merrick-love-flies-o/,When Love Flies Out o' the Window,"Merrick, Leonard",,,,,,1919,Book,False,https://archive.org/details/whenlovefliesout00merr,,,2,2,0,1920;1923,2021-10-29T03:29:28.656590+00:00
https://shakespeareandco.princeton.edu/books/mansfield-bliss-short-stories/,Bliss and Other Stories,"Mansfield, Katherine",,,,,,1920,Book,False,https://archive.org/details/01802945.05699.emory.edu/mode/2up,,,33,32,1,1952;1922;1923;1924;1925;1926;1927;1928;1929;1930;1933;1934;1935;1937;1939;1940;1941,2020-08-23T19:53:29+00:00
https://shakespeareandco.princeton.edu/books/bryher-development/,Development,Bryher,,,,,,1920,Book,False,,,,2,2,0,1922;1940,2020-04-30T19:40:19+00:00
https://shakespeareandco.princeton.edu/books/tree-poems/,Poems,"Tree, Iris",,,,,,1920,Book,False,https://archive.org/details/poemstree00treeiala,,,1,1,0,1931,2021-11-09T00:26:13.602495+00:00
https://shakespeareandco.princeton.edu/books/goldring-reputations-essays-criticism/,Reputations: Essays in Criticism,"Goldring, Douglas",,,,,,1920,Book,False,https://archive.org/details/reputationsessa00gold,,,2,2,0,1923;1924,2021-11-08T05:42:14.177365+00:00
https://shakespeareandco.princeton.edu/books/rodker-future-futurism/,The Future of Futurism,"Rodker, John",,,,,,1920,Book,False,https://archive.org/details/dli.ministry.13250,,,2,2,0,1928;1926;1927,2021-06-18T01:21:41+00:00
https://shakespeareandco.princeton.edu/books/fitzgerald-side-paradise/,This Side of Paradise,"Fitzgerald, F. Scott",,,,,,1920,Book,False,https://archive.org/details/thissideofparadi0000fitz_s9i3/page/n5/mode/2up,,,4,4,0,1921;1922;1923,2021-11-04T02:04:27.259186+00:00
https://shakespeareandco.princeton.edu/books/pound-umbra-early-poems/,Umbra: The Early Poems of Ezra Pound,"Pound, Ezra",,,,,,1920,Book,False,https://archive.org/details/umbrearlypoemsof00pounrich,,,2,2,0,1921;1922;1925,2020-07-18T01:11:54+00:00
https://shakespeareandco.princeton.edu/books/mcalmon-hasty-bunch/,A Hasty Bunch,"McAlmon, Robert",,,,,,1921,Book,False,https://archive.org/details/hastybunch00mcalrich/page/n9/mode/2up,,,5,4,0,1921;1922;1925;1927;1931;1933,2020-07-05T03:25:46+00:00
https://shakespeareandco.princeton.edu/books/eastman-enjoyment-poetry/,Enjoyment of Poetry,"Eastman, Max",,,,,,1921,Book,False,https://archive.org/details/enjoymentofpoetr00east,,,4,4,0,1921;1937;1925;1927,2021-06-05T01:12:54+00:00
https://shakespeareandco.princeton.edu/books/pound-poems-1918-21/,Poems 1918 – 21: Including Three Portraits and Four Cantos,"Pound, Ezra",,,,,,1921,Book,False,https://archive.org/details/poemsincludingt00poungoog,,,2,2,0,1924;1941,2020-07-17T11:40:19+00:00
https://shakespeareandco.princeton.edu/books/benet-beginning-wisdom/,The Beginning of Wisdom,"Benét, Stephen Vincent",,,,,,1921,Book,False,https://archive.org/details/beginningofwisdo00benuoft,,,1,1,0,1922,2021-03-25T20:56:01+00:00
https://shakespeareandco.princeton.edu/books/ford-thus-revisit-reminiscences/,Thus to Revisit: Some Reminiscences,"Ford, Ford Madox",,,,,,1921,Book,False,https://archive.org/details/thustorevisitsom00ford,,,1,1,0,1941,2021-11-03T01:30:07.662698+00:00
https://shakespeareandco.princeton.edu/books/bird-practical-guide-french/,A Practical Guide to French Wines,"Bird, William",,,,,,1922,Book,False,,,,1,0,0,1933,2020-07-06T04:11:34+00:00
https://shakespeareandco.princeton.edu/books/stein-geography-plays/,Geography and Plays,"Stein, Gertrude",,,,,,1922,Book,False,https://archive.org/details/playsgeography00steirich,,,6,6,0,1926;1930;1933;1936;1939,2021-06-18T02:53:55+00:00
https://shakespeareandco.princeton.edu/books/merrick-one-mans-view/,One Man's View,"Merrick, Leonard",,,,,,1922,Book,False,https://archive.org/details/onemansviewlmerr00merriala,,,1,1,0,1923,2021-11-12T03:16:39.750364+00:00
https://shakespeareandco.princeton.edu/books/mansfield-garden-party-stories/,The Garden Party and Other Stories,"Mansfield, Katherine",,,,,,1922,Book,False,https://archive.org/details/gardenpartyothermansrich/page/n4/mode/2up,,,39,37,2,1922;1923;1924;1925;1926;1927;1928;1929;1930;1931;1932;1933;1934;1935;1937;1938;1939;1941,2020-07-07T14:37:59+00:00
https://shakespeareandco.princeton.edu/books/merrick-tell-truth/,To Tell You the Truth,"Merrick, Leonard",,,,,,1922,Book,False,https://archive.org/details/totellyoutruth00merruoft,,,1,1,0,1926,2021-11-01T04:43:38.913853+00:00
https://shakespeareandco.princeton.edu/books/joyce-ulysses/,Ulysses,"Joyce, James",,,,,,1922,Book,False,https://en.wikisource.org/wiki/Ulysses_(1922),1922 First printing;1922 Second printing;1923 Third printing;1924 Fourth printing;1924 Fifth printing;1925 Sixth printing;1925 Seventh printing;1926 Eighth printing;1927 Ninth printing;1928 Tenth printing;1930 Eleventh printing;1934 Random House edition,,49,31,6,1922;1925;1927;1929;1930;1931;1932;1933;1934;1935;1936;1937;1938;1939;1941,2021-07-28T12:21:06+00:00
https://shakespeareandco.princeton.edu/books/lewisohn-stream-american-chronicle/,Up Stream: An American Chronicle,"Lewisohn, Ludwig",,,,,,1922,Book,False,https://archive.org/details/upstreamamerican00lewiuoft,,,2,2,0,1928;1929;1927,2021-10-31T01:02:29.946677+00:00
https://shakespeareandco.princeton.edu/books/barnes-book/,A Book,"Barnes, Djuna",,,,,,1923,Book,False,https://www.gutenberg.org/files/60904/60904-h/60904-h.htm,,,3,3,0,1924;1925,2021-03-28T20:59:35+00:00
https://shakespeareandco.princeton.edu/books/mcalmon-companion-volume/,A Companion Volume,"McAlmon, Robert",,,,,,1923,Book,False,,,,7,7,0,1933;1925;1926;1927,2020-04-30T19:40:19+00:00
https://shakespeareandco.princeton.edu/books/larbaud-amants-heureux-amants/,"Amants, Heureux Amants","Larbaud, Valery",,,,,,1923,Book,False,,,,1,0,0,1937,2020-07-15T20:19:41+00:00
https://shakespeareandco.princeton.edu/books/colum-castle-conquer/,Castle Conquer,"Colum, Padraic",,,,,,1923,Book,False,,,,3,3,0,1923;1924;1933;1931,2020-04-30T19:40:21+00:00
https://shakespeareandco.princeton.edu/books/gordon-modern-french-painters/,Modern French Painters,"Gordon, Jan",,,,,,1923,Book,False,https://archive.org/details/modernfrenchpain00gorduoft/page/n11/mode/2up,,,4,4,0,1936;1929;1923;1927,2021-11-14T19:49:13.619281+00:00
https://shakespeareandco.princeton.edu/books/myers-modern-music-aims/,Modern Music: Its Aims and Tendencies,"Myers, Rollo",,,,,,1923,Book,False,,,,1,1,0,1923,2021-11-14T19:34:37.541325+00:00
https://shakespeareandco.princeton.edu/books/goldring-nobody-knows/,Nobody Knows,"Goldring, Douglas",,,,,,1923,Book,False,https://archive.org/details/nobodyknows00gold/page/n7/mode/2up,,,1,1,0,1923,2021-11-12T16:25:03.329641+00:00
https://shakespeareandco.princeton.edu/books/mansfield-poems/,Poems,"Mansfield, Katherine",,,,,,1923,Book,False,https://archive.org/details/poemsman00mansuoft/page/n5/mode/2up,,,3,0,3,1937;1931;1933,2020-08-23T19:56:38+00:00
https://shakespeareandco.princeton.edu/books/mcalmon-post-adolescence-selection/,Post-Adolescence: A Selection of Short Fiction,"McAlmon, Robert",,,,,,1923,Book,False,,,,1,1,0,1933,2020-04-30T19:40:20+00:00
https://shakespeareandco.princeton.edu/books/wilson-able-mclaughlins/,The Able McLaughlins,"Wilson, Margaret",,,,,,1923,Book,False,https://archive.org/details/ablemac00wils,,,1,1,0,1924,2020-07-24T19:31:09+00:00
https://shakespeareandco.princeton.edu/books/mansfield-doves-nest-stories/,The Doves' Nest and Other Stories,"Mansfield, Katherine",,,,,,1923,Book,False,https://archive.org/details/dovesnestotherst00mans/page/n7/mode/2up,,,14,14,0,1923;1924;1927;1928;1929;1930;1934;1936;1937,2020-08-23T19:54:30+00:00
https://shakespeareandco.princeton.edu/books/firbank-flower-beneath-foot/,The Flower Beneath the Foot: Being a Record of the Early Life of St. Laura de Nazianzi and the Times in Which She Lived,"Firbank, Ronald",,,,,,1923,Book,False,https://archive.org/details/flowerbeneathfoo01firb/page/n9/mode/2up,,,10,10,0,1923;1930;1934;1935;1937;1939;1940;1942,2021-06-16T02:46:53+00:00
https://shakespeareandco.princeton.edu/books/ford-marsden-case-romance/,The Marsden Case: A Romance,"Ford, Ford Madox",,,,,,1923,Book,False,,,,7,7,0,1923;1924;1925;1926;1927,2020-04-30T19:40:18+00:00
https://shakespeareandco.princeton.edu/books/hemingway-three-stories-ten/,Three Stories and Ten Poems,"Hemingway, Ernest",,,,,,1923,Book,False,https://archive.org/details/in.ernet.dli.2015.499337/page/n3/mode/2up,,,1,1,0,1939,2021-11-03T01:43:47.415938+00:00
https://shakespeareandco.princeton.edu/books/bryher-two-selves/,Two Selves,Bryher,,,,,,1923,Book,False,,,,1,1,0,1940,2020-04-30T19:40:16+00:00
https://shakespeareandco.princeton.edu/books/larbaud-o-barnabooth-diary/,A. O. Barnabooth: His Diary,"Larbaud, Valery",,"Cannan, Gilbert",,,,1924,Book,False,,,,1,1,0,1924,2020-06-15T02:46:57+00:00
https://shakespeareandco.princeton.edu/books/romains-eyeless-sight-study/,Eyeless Sight: A Study of Exra-Retinal Vision and the Paroptic Sense,"Romains, Jules",,"Ogden, C. K.",,,,1924,Book,False,https://archive.org/details/eyelesssightstu00jule/page/n11/mode/2up,,,1,1,0,1924,2021-06-05T21:47:34+00:00
https://shakespeareandco.princeton.edu/books/macleish-happy-marriage-poems/,Happy Marriage and Other Poems,"MacLeish, Archibald",,,,,,1924,Book,False,,,,1,1,0,1928,2020-04-30T20:52:17+00:00
https://shakespeareandco.princeton.edu/books/gorman-james-joyce-first/,"James Joyce, His First Forty Years","Gorman, Herbert Sherman",,,,,,1924,Book,False,,,,16,15,0,1924;1925;1926;1927;1928;1929;1930;1931;1935;1936;1941,2020-04-30T19:40:18+00:00
https://shakespeareandco.princeton.edu/books/ford-joseph-conrad-personal/,Joseph Conrad: A Personal Remembrance,"Ford, Ford Madox",,,,,,1924,Book,False,https://archive.org/details/in.ernet.dli.2015.183977,,,4,4,0,1929;1924;1941;1926,2021-07-17T23:30:16+00:00
https://shakespeareandco.princeton.edu/books/ford-some-do-not/,Some Do Not... (Parade's End 1),"Ford, Ford Madox",,,,,,1924,Book,False,,,,6,6,0,1924;1933;1926;1927,2021-11-15T19:43:08.800727+00:00
https://shakespeareandco.princeton.edu/books/mansfield-something-childish-stories/,Something Childish and Other Stories,"Mansfield, Katherine",,,,,,1924,Book,False,https://archive.org/details/somethingchildis0000mans_l1a7,,,11,10,1,1924;1925;1926;1927;1930;1931;1934;1935;1937;1941,2021-11-05T03:07:24.712337+00:00
https://shakespeareandco.princeton.edu/books/gide-strait-gate/,Strait Is the Gate,"Gide, André",,"Bussy, Dorothy",,,,1924,Book,False,https://archive.org/details/straitisgatelapo0000gide/page/n5/mode/2up,,,4,4,0,1934;1931;1926,2021-11-04T23:25:07.464453+00:00
https://shakespeareandco.princeton.edu/books/wescott-apple-eye/,The Apple of the Eye,"Wescott, Glenway",,,,,,1924,Book,False,,,,5,5,0,1924;1925,2020-04-30T19:40:21+00:00
https://shakespeareandco.princeton.edu/books/solano-uncertain-feast/,The Uncertain Feast,"Solano, Solita",,,,,,1924,Book,False,https://archive.org/details/uncertainfeast00sola/page/n3/mode/2up,,,3,3,0,1928;1925,2021-10-31T18:29:25.132221+00:00
https://shakespeareandco.princeton.edu/books/coyle-widows-house-novel/,The Widow's House: A Novel,"Coyle, Kathleen",,,,,,1924,Book,False,,,,4,4,0,1930;1931;1924;1935,2020-04-30T19:40:20+00:00
https://shakespeareandco.princeton.edu/books/harris-undreamd-shores/,Undream'd of Shores,"Harris, Frank",,,,,,1924,Book,False,https://archive.org/details/undreamdofshores0000harr/page/n5/mode/2up,,,7,7,0,1924;1925;1926;1927,2021-10-31T18:21:53.001237+00:00
https://shakespeareandco.princeton.edu/books/mcalmon-village-happened-fifteen/,Village: As It Happened through a Fifteen-Year Period,"McAlmon, Robert",,,,,,1924,Book,False,,,,2,0,0,1940,2020-04-30T19:40:20+00:00
https://shakespeareandco.princeton.edu/books/mcalmon-distinguished-air-grim/,Distinguished Air: Grim Fairy Tales,"McAlmon, Robert",,,,,,1925,Book,False,,,,4,2,0,1962;1940;1933;1926,2020-04-30T19:40:15+00:00
https://shakespeareandco.princeton.edu/books/gide-dostoevsky/,Dostoevsky,"Gide, André",,"Bennett, Arnold",,,,1925,Book,False,https://archive.org/details/in.ernet.dli.2015.169976,,,2,2,0,1931;1934,2021-05-05T01:12:01+00:00
https://shakespeareandco.princeton.edu/books/gorman-gold-gold/,Gold by Gold,"Gorman, Herbert Sherman",,,,,,1925,Book,False,,,,1,1,0,1925,2020-04-30T19:40:21+00:00
https://shakespeareandco.princeton.edu/books/lewisohn-israel/,Israel,"Lewisohn, Ludwig",,,,,,1925,Book,False,,,,4,4,0,1925;1926;1935,2020-06-08T23:39:19+00:00
https://shakespeareandco.princeton.edu/books/gide-lafcadios-adventures/,Lafcadio's Adventures,"Gide, André",,"Bussy, Dorothy",,,,1925,Book,False,,,,6,6,0,1931;1934;1935;1936;1937;1949,2020-04-30T19:40:16+00:00
https://shakespeareandco.princeton.edu/books/eastman-leon-trotsky-portrait/,Leon Trotsky: The Portrait of Youth,"Eastman, Max",,,,,,1925,Book,False,,,,1,1,0,1927,2020-07-05T19:01:46+00:00
https://shakespeareandco.princeton.edu/books/ford-parades/,No More Parades (Parade's End 2),"Ford, Ford Madox",,,,,,1925,Book,False,https://archive.org/details/in.ernet.dli.2015.546845/page/3/mode/2up,,,2,2,0,1925;1926,2021-11-15T19:43:21.089349+00:00
https://shakespeareandco.princeton.edu/books/clarke-cattledrive-connaught-poems/,The Cattledrive in Connaught and Other Poems,"Clarke, Austin",,,,,,1925,Book,False,,,,1,1,0,1934,2020-07-17T01:22:39+00:00
https://shakespeareandco.princeton.edu/books/fitzgerald-great-gatsby/,The Great Gatsby,"Fitzgerald, F. Scott",,,,,,1925,Book,False,,,,10,10,0,1938;1933;1926;1927,2020-04-30T19:40:16+00:00
https://shakespeareandco.princeton.edu/books/macleish-pot-earth/,The Pot of Earth,"MacLeish, Archibald",,,,,,1925,Book,False,https://archive.org/details/potofearth0000macl/page/n7/mode/2up,,,1,1,0,1928,2021-11-09T17:36:44.732530+00:00
https://shakespeareandco.princeton.edu/books/le-gallienne-romantic-90s/,The Romantic '90s,"Le Gallienne, Richard",,,"Hyde, H. Montgomery",,,1925,Book,False,https://archive.org/details/romantic90s017721mbp,,,2,2,0,1926;1927,2021-11-07T18:53:40.139674+00:00
https://shakespeareandco.princeton.edu/books/bryher-west/,West,Bryher,,,,,,1925,Book,False,,,,1,1,0,1940,2020-06-06T21:08:35+00:00
https://shakespeareandco.princeton.edu/books/fitzgerald-sad-young-men/,All the Sad Young Men,"Fitzgerald, F. Scott",,,,,,1926,Book,False,,,,9,9,0,1926;1932;1933;1936;1941,2020-04-30T19:40:15+00:00
https://shakespeareandco.princeton.edu/books/ford-man-stand/,A Man Could Stand Up (Parade's End 3),"Ford, Ford Madox",,,,,,1926,Book,False,https://gutenberg.net.au/ebooks07/0700191h.html,,,4,4,0,1938;1926;1927,2021-11-15T19:42:21.497132+00:00
https://shakespeareandco.princeton.edu/books/ford-mirror-france/,A Mirror to France,"Ford, Ford Madox",,,,,,1926,Book,False,,,,3,3,0,1926;1927,2020-04-30T19:40:15+00:00
https://shakespeareandco.princeton.edu/books/gorman-victorian-american-henry/,A Victorian American: Henry Wadsworth Longfellow,"Gorman, Herbert Sherman",,,,,,1926,Book,False,,,,1,1,0,1926,2020-04-30T19:40:18+00:00
https://shakespeareandco.princeton.edu/books/stein-composition-explanation/,Composition as Explanation,"Stein, Gertrude",,,,,,1926,Book,False,,,,5,2,0,1946;1934;1926;1927,2020-07-04T01:05:40+00:00
https://shakespeareandco.princeton.edu/books/wilson-dragons-blood/,Dragon's Blood,"Wilson, Romer",,,,,,1926,Book,False,,,,1,1,0,1926;1927,2020-04-30T19:40:21+00:00
https://shakespeareandco.princeton.edu/books/boyd-drums/,Drums,"Boyd, James",,,,,,1926,Book,False,https://archive.org/details/in.ernet.dli.2015.184869,,,1,1,0,1926,2021-05-25T01:23:19+00:00
https://shakespeareandco.princeton.edu/books/huddleston-france/,France,"Huddleston, Sisley",,,,,,1926,Book,False,,,,1,1,0,1936,2020-06-19T12:41:38+00:00
https://shakespeareandco.princeton.edu/books/aldington-french-studies-reviews/,French Studies and Reviews,"Aldington, Richard",,,,,,1926,Book,False,,,,1,1,0,1926,2020-07-05T02:58:45+00:00
https://shakespeareandco.princeton.edu/books/michaud-roman-americain-daujourdhui/,Le roman Américain d'aujourd'hui,"Michaud, Régis",,,,,,1926,Book,False,,,,1,1,0,1938,2020-07-19T20:16:51+00:00
https://shakespeareandco.princeton.edu/books/macleish-streets-moon/,Streets in the Moon,"MacLeish, Archibald",,,,,,1926,Book,False,,,,2,2,0,1939;1935,2020-04-30T19:40:15+00:00
https://shakespeareandco.princeton.edu/books/wilder-cabala/,The Cabala,"Wilder, Thornton",,,,,,1926,Book,False,,,,17,17,0,1927;1928;1929;1934;1939;1942;1944;1945;1947;1948,2020-06-08T18:31:09+00:00
https://shakespeareandco.princeton.edu/books/lewisohn-case-mr-crump/,The Case of Mr. Crump,"Lewisohn, Ludwig",,,,,,1926,Book,False,,,,7,7,0,1931;1932;1933;1935,2020-04-30T19:40:14+00:00
https://shakespeareandco.princeton.edu/books/goldring-merchants-souls/,The Merchants of Souls,"Goldring, Douglas",,,,,,1926,Book,False,,,,1,1,0,1926,2020-06-28T19:11:52+00:00
https://shakespeareandco.princeton.edu/books/wilson-painted-room/,The Painted Room,"Wilson, Margaret",,,,,,1926,Book,False,,,,3,3,0,1929;1926;1927,2020-04-30T19:40:14+00:00
https://shakespeareandco.princeton.edu/books/mcalmon-portrait-generation/,The Portrait of a Generation,"McAlmon, Robert",,,,,,1926,Book,False,https://archive.org/details/IA.ThePortraitOfAGeneration,,,2,1,0,1940;1926,2021-11-08T23:11:20.840306+00:00
https://shakespeareandco.princeton.edu/books/colum-road-round-ireland/,The Road Round Ireland,"Colum, Padraic",,,,,,1926,Book,False,,,,4,4,0,1936;1933;1941;1927,2020-04-30T19:40:18+00:00
https://shakespeareandco.princeton.edu/books/hemingway-sun-also-rises/,The Sun Also Rises,"Hemingway, Ernest",,,,,,1926,Book,False,https://archive.org/details/sun_also_rises/page/n8/mode/2up,,,29,27,0,1927;1928;1929;1930;1931;1933;1934;1935;1936;1937;1939;1940;1943,2020-05-12T17:33:02+00:00
https://shakespeareandco.princeton.edu/books/hemingway-torrents-spring/,The Torrents of Spring,"Hemingway, Ernest",,,,,,1926,Book,False,https://archive.org/details/dli.ernet.2435,,,4,2,1,1928;1944;1931;1933,2021-11-01T12:43:15.360814+00:00
https://shakespeareandco.princeton.edu/books/bromfield-good-woman/,A Good Woman,"Bromfield, Louis",,,,,,1927,Book,False,,,,4,4,0,1928;1935;1927,2020-07-16T00:18:30+00:00
https://shakespeareandco.princeton.edu/books/huddleston-paris/,In and About Paris,"Huddleston, Sisley",,,,,,1927,Book,False,,,,3,3,0,1938;1931;1939,2020-06-28T19:47:22+00:00
https://shakespeareandco.princeton.edu/books/wilson-latterday-symphony/,Latterday Symphony,"Wilson, Romer",,,,,,1927,Book,False,,,,1,1,0,1927,2021-11-18T13:59:05.528084+00:00
https://shakespeareandco.princeton.edu/books/asch-love-chartres/,Love in Chartres,"Asch, Nathan",,,,,,1927,Book,False,,,,1,1,0,1927,2020-07-05T21:08:05+00:00
https://shakespeareandco.princeton.edu/books/hemingway-men-without-women/,Men without Women,"Hemingway, Ernest",,,,,,1927,Book,False,https://archive.org/details/in.ernet.dli.2015.182855,,,26,26,0,1927;1928;1929;1930;1931;1933;1934;1935;1936;1937;1939;1940;1941,2021-11-15T06:06:38.342592+00:00
https://shakespeareandco.princeton.edu/books/clark-stories-tell/,More Stories and How to Tell Them,"Clark, Elizabeth",,,,,,1927,Book,False,,,,1,0,0,1961,2021-11-14T14:55:41.012748+00:00
https://shakespeareandco.princeton.edu/books/huddleston-mr-paname-paris/,Mr. Paname: A Paris Fantasia,"Huddleston, Sisley",,,,,,1927,Book,False,,,,3,3,0,1928;1926;1927,2020-06-28T02:24:33+00:00
https://shakespeareandco.princeton.edu/books/ford-new-york-america/,New York Is Not America,"Ford, Ford Madox",,,,,,1927,Book,False,,,,2,2,0,1928,2020-07-17T01:00:49+00:00
https://shakespeareandco.princeton.edu/books/joyce-pomes-penyeach/,Pomes Penyeach,"Joyce, James",,,,,,1927,Book,False,,,,6,2,2,1930;1941;1938,2020-04-30T19:40:19+00:00
https://shakespeareandco.princeton.edu/books/lewisohn-roman-summer/,Roman Summer,"Lewisohn, Ludwig",,,,,,1927,Book,False,,,,4,4,0,1928;1927,2020-04-30T19:40:22+00:00
https://shakespeareandco.princeton.edu/books/wilder-bridge-san-luis/,The Bridge of San Luis Rey,"Wilder, Thornton",,,,,,1927,Book,False,,,,15,15,0,1927;1928;1929;1930;1938;1939;1941;1944,2020-06-08T18:24:39+00:00
https://shakespeareandco.princeton.edu/books/gide-counterfeiters/,The Counterfeiters,"Gide, André",,"Bussy, Dorothy",,,,1927,Book,False,https://archive.org/details/in.ernet.dli.2015.90904,,,5,5,0,1928;1936;1931;1933,2021-04-30T01:20:53+00:00
https://shakespeareandco.princeton.edu/books/lewisohn-defeated/,The Defeated,"Lewisohn, Ludwig",,,,,,1927,Book,False,,,,3,3,0,1928;1929;1927,2020-07-04T02:07:54+00:00
https://shakespeareandco.princeton.edu/books/wescott-grandmothers-family-portrait/,The Grandmothers: A Family Portrait,"Wescott, Glenway",,,,,,1927,Book,False,https://archive.org/details/in.ernet.dli.2015.261772,,,5,5,0,1928;1927,2021-06-22T02:52:47+00:00
https://shakespeareandco.princeton.edu/books/mansfield-journal-katherine-mansfield/,The Journal of Katherine Mansfield,"Mansfield, Katherine",,,,,,1927,Book,False,,,,15,14,1,1927;1928;1929;1930;1931;1934;1936;1937;1940,2020-04-30T19:40:18+00:00
https://shakespeareandco.princeton.edu/books/gorman-place-called-dagon/,The Place Called Dagon,"Gorman, Herbert Sherman",,,,,,1927,Book,False,,,,1,1,0,1927,2020-04-30T19:40:17+00:00
https://shakespeareandco.princeton.edu/books/solano-way/,This Way Up,"Solano, Solita",,,,,,1927,Book,False,,,,2,2,0,1928;1927,2020-04-30T19:40:21+00:00
https://shakespeareandco.princeton.edu/books/ford-little-less-gods/,A Little Less than Gods,"Ford, Ford Madox",,,,,,1928,Book,False,,,,2,2,0,1929,2020-04-30T19:40:16+00:00
https://shakespeareandco.princeton.edu/books/wilson-alone-life-private/,All Alone: The Life and Private History of Emily Jane Bronte,"Wilson, Romer",,,,,,1928,Book,False,https://archive.org/details/in.ernet.dli.2015.235310/page/n5/mode/2up,,,6,6,0,1928;1929;1930;1937;1939,2021-01-18T02:29:42+00:00
https://shakespeareandco.princeton.edu/books/huddleston-articles-paris/,Articles de Paris,"Huddleston, Sisley",,,,,,1928,Book,False,,,,1,1,0,1928,2020-06-20T21:12:06+00:00
https://shakespeareandco.princeton.edu/books/huddleston-bohemian-literary-social/,Bohemian Literary and Social Life in Paris,"Huddleston, Sisley",,,,,,1928,Book,False,,,,7,7,0,1928;1929;1935;1936;1940;1941,2020-06-29T04:03:16+00:00
https://shakespeareandco.princeton.edu/books/wescott-goodbye-wisconsin/,"Goodbye, Wisconsin","Wescott, Glenway",,,,,,1928,Book,False,,,,1,1,0,1929,2021-06-22T02:36:07+00:00
https://shakespeareandco.princeton.edu/books/benet-john-browns-body/,John Brown's Body,"Benét, Stephen Vincent",,,,,,1928,Book,False,https://archive.org/details/in.ernet.dli.2015.285887,,,1,1,0,1938,2021-07-17T23:04:19+00:00
https://shakespeareandco.princeton.edu/books/barnes-ladies-almanack-showing/,Ladies Almanack: Showing Their Signs and Their Tides; Their Moons and Their Changes; the Seasons as It Is with Them; Their Eclipses and Equinoxes; as well as a Full Record of Diurnal and Nocturnal Distempers,"Barnes, Djuna",,,,,,1928,Book,False,,,,2,2,0,1940;1934,2020-07-17T01:02:50+00:00
https://shakespeareandco.princeton.edu/books/ford-last-post/,Last Post (Parade's End 4),"Ford, Ford Madox",,,,,,1928,Book,False,,,,3,3,0,1928,2021-11-15T19:46:15.850268+00:00
https://shakespeareandco.princeton.edu/books/tate-mr-pope-poems/,Mr. Pope and Other Poems,"Tate, Allen",,,,,,1928,Book,False,,,,1,1,0,1938,2020-05-14T19:09:37+00:00
https://shakespeareandco.princeton.edu/books/barnes-ryder/,Ryder,"Barnes, Djuna",,,,,,1928,Book,False,,,,1,1,0,1929,2020-04-30T19:40:18+00:00
https://shakespeareandco.princeton.edu/books/pound-selected-poems/,Selected Poems,"Pound, Ezra","Eliot, T. S.",,,,,1928,Book,False,,,,6,4,2,1933;1935;1937;1938;1939,2020-04-30T19:40:15+00:00
https://shakespeareandco.princeton.edu/books/michaud-american-novel-day/,The American Novel To-Day: A Social and Psychological Study,"Michaud, Régis",,,,,,1928,Book,False,,,,1,1,0,1961,2020-04-30T19:40:20+00:00
https://shakespeareandco.princeton.edu/books/wilder-angel-troubled-waters/,The Angel That Troubled the Waters,"Wilder, Thornton",,,,,,1928,Book,False,,,,3,3,0,1929,2020-07-17T00:58:39+00:00
https://shakespeareandco.princeton.edu/books/lewisohn-island-within/,The Island Within,"Lewisohn, Ludwig",,,,,,1928,Book,False,,,,4,4,0,1928;1938;1932,2020-04-30T19:40:19+00:00
https://shakespeareandco.princeton.edu/books/mansfield-letters-katherine-mansfield/,The Letters of Katherine Mansfield,"Mansfield, Katherine","Murry, John Middleton",,,,,1928,Book,False,https://archive.org/details/in.ernet.dli.2015.84911,Vol. 1;Vol. 2;2 vols.,,17,15,1,1928;1929;1930;1931;1933;1934;1935;1937;1938,2020-07-12T21:24:43+00:00
https://shakespeareandco.princeton.edu/books/bercovici-story-gypsies/,The Story of the Gypsies,"Bercovici, Konrad",,,,,,1928,Book,False,,,,1,1,0,1929,2020-04-30T19:40:20+00:00
https://shakespeareandco.princeton.edu/books/louis-bromfield-strange-case-miss/,The Strange Case of Miss Annie Spragg,"Bromfield, Louis",,,,,,1928,Book,False,https://archive.org/details/in.ernet.dli.2015.458924/mode/2up,,,3,2,0,1936;1929,2021-11-04T23:14:55.440350+00:00
https://shakespeareandco.princeton.edu/books/josephson-zola-time/,Zola and His Time,"Josephson, Matthew",,,,,,1928,Book,False,,,,2,2,0,1929;1930,2020-04-30T19:40:20+00:00
https://shakespeareandco.princeton.edu/books/hemingway-farewell-arms/,A Farewell to Arms,"Hemingway, Ernest",,,,,,1929,Book,False,https://archive.org/details/in.ernet.dli.2015.209262/page/n5/mode/2up,,,30,25,3,1929;1930;1931;1933;1934;1937;1938;1939;1940;1941;1947,2020-05-12T17:26:23+00:00
https://shakespeareandco.princeton.edu/books/louis-bromfield-awake-rehearse-selected/,Awake and Rehearse: Selected Short Stories of Louis Bromfield,"Bromfield, Louis",,,,,,1929,Book,False,https://archive.org/details/in.ernet.dli.2015.459747/mode/2up,,,2,2,0,1929,2021-03-03T02:18:45+00:00
https://shakespeareandco.princeton.edu/books/cowley-blue-juniata/,Blue Juniata,"Cowley, Malcolm",,,,,,1929,Book,False,,,,1,1,0,1939,2020-04-30T19:40:21+00:00
https://shakespeareandco.princeton.edu/books/aldington-death-hero/,Death of a Hero,"Aldington, Richard",,,,,,1929,Book,False,,,,18,17,1,1929;1930;1931;1933;1934;1935;1936;1937;1941,2020-04-30T19:40:17+00:00
https://shakespeareandco.princeton.edu/books/huddleston-europe-zigzags/,Europe in Zigzags,"Huddleston, Sisley",,,,,,1929,Book,False,,,,1,1,0,1931,2020-06-29T13:21:36+00:00
https://shakespeareandco.princeton.edu/books/joyce-james-joyce-reading/,"James Joyce Reading ""Anna Livia Plurabelle""","Joyce, James",,,,,,1929,Phonograph Record,False,,,[Listen](https://archive.org/details/JamesJoyceReadsannaLiviaPlurabelleFromFinnegansWake1929).,5,0,3,1930;1931,2021-07-16T02:37:16+00:00
https://shakespeareandco.princeton.edu/books/lewisohn-mid-channel-american/,Mid-Channel: An American Chronicle,"Lewisohn, Ludwig",,,,,,1929,Book,False,,,,4,4,0,1936;1929;1930;1932,2021-11-15T05:44:11.587390+00:00
https://shakespeareandco.princeton.edu/books/mcalmon-north-america-continent/,North America: Continent of Conjecture,"McAlmon, Robert",,,,,,1929,Book,False,,,,2,1,0,1961;1962,2020-06-02T20:28:41+00:00
https://shakespeareandco.princeton.edu/books/flandrau-saw-congo/,Then I Saw the Congo,"Flandrau, Grace",,,,,,1929,Book,False,,,,2,2,0,1938;1940,2020-04-30T19:40:17+00:00
https://shakespeareandco.princeton.edu/books/joyce-ulysse/,Ulysse,"Joyce, James",,"Morel, August;Gilbert, Stuart;Larbaud, Valery",,,,1929,Book,False,,,The first French translation of *Ulysses.*,2,0,1,1930;1933,2020-07-12T17:15:52+00:00
https://shakespeareandco.princeton.edu/books/pound-draft-xxx-cantos/,A Draft of XXX Cantos,"Pound, Ezra",,,,,,1930,Book,False,,,,6,5,1,1933;1934;1935;1936;1938,2020-04-30T19:40:19+00:00
https://shakespeareandco.princeton.edu/books/coyle-flock-birds/,A Flock of Birds,"Coyle, Kathleen",,,,,,1930,Book,False,,,,13,9,4,1930;1931;1933;1934;1935;1937,2020-04-30T19:40:17+00:00
https://shakespeareandco.princeton.edu/books/joyce-anna-livia-plurabelle/,Anna Livia Plurabelle,"Joyce, James",,,,,,1930,Book,False,,,"Likely the Faber & Faber edition of *Anna Livia Plurabelle: Fragment of Work in Progress* (1930). Jacques Mercanton, however, likely purchases the Crosby Gaige edition of [*Anna Livia Plurabelle*](http://www.riverrun.org.uk/jj/ALP.pdf) (1928).",8,1,7,1937;1930;1933;1938,2021-11-20T21:40:48.208450+00:00
https://shakespeareandco.princeton.edu/books/ogden-basic-english-general/,Basic English: A General Introduction with Rules and Grammar,"Ogden, C. K.",,,,,,1930,Book,False,,,,1,0,0,1931,2020-07-19T16:12:16+00:00
https://shakespeareandco.princeton.edu/books/colum-cross-roads-ireland/,Cross Roads in Ireland,"Colum, Padraic",,,,,,1930,Book,False,,,,1,1,0,1935,2020-04-30T19:40:15+00:00
https://shakespeareandco.princeton.edu/books/antheil-death-dark/,Death in the Dark,"Antheil, George",,,,,,1930,Book,False,,,"Written under the pseudonym, Stacey Bishop.",3,3,0,1930,2020-06-17T13:11:01+00:00
https://shakespeareandco.princeton.edu/books/michaud-emerson-enraptured-yankee/,Emerson: The Enraptured Yankee,"Michaud, Régis",,"Boas, George",,,,1930,Book,False,,,,1,1,0,1941,2020-04-30T19:40:16+00:00
https://shakespeareandco.princeton.edu/books/porter-flowering-judas-stories/,Flowering Judas and Other Stories,"Porter, Katherine Anne",,,,,,1930,Book,False,,,,18,18,0,1934;1935;1936;1939;1940;1941;1949;1950,2020-05-12T17:10:15+00:00
https://shakespeareandco.princeton.edu/books/beach-glass-mountain/,Glass Mountain,"Beach, Joseph",,,,,,1930,Book,False,,,,1,1,0,1930,2020-04-30T19:40:16+00:00
https://shakespeareandco.princeton.edu/books/joyce-haveth-childers-everywhere/,Haveth Childers Everywhere: Fragment of Work in Progress,"Joyce, James",,,,,,1930,Book,False,http://www.riverrun.org.uk/jj/HCE.pdf,,,2,0,2,1930;1933,2020-08-12T19:36:35+00:00
https://shakespeareandco.princeton.edu/books/gilbert-james-joyces-ulysses/,James Joyce's Ulysses: A Study,"Gilbert, Stuart",,,,,,1930,Book,False,,,,12,11,1,1930;1931;1932;1933;1934;1935;1936;1937;1940,2020-04-30T19:40:19+00:00
https://shakespeareandco.princeton.edu/books/stein-lucy-church-amiably/,Lucy Church Amiably,"Stein, Gertrude",,,,,,1930,Book,False,,,,2,2,0,1939;1940,2020-04-30T19:40:20+00:00
https://shakespeareandco.princeton.edu/books/anderson-thirty-years-war/,My Thirty Years' War,"Anderson, Margaret C.",,,,,,1930,Book,False,https://hdl.handle.net/2027/mdp.39076006846765,,,3,2,0,1928;1930;1940,2021-11-13T20:13:29.368741+00:00
https://shakespeareandco.princeton.edu/books/mansfield-novels-novelists/,Novels and Novelists,"Mansfield, Katherine","Murry, John Middleton",,,,,1930,Book,False,,,,4,4,0,1937;1939,2020-05-04T15:39:24+00:00
https://shakespeareandco.princeton.edu/books/aldington-roads-glory/,Roads to Glory,"Aldington, Richard",,,,,,1930,Book,False,https://archive.org/details/dli.ministry.22089,,,1,1,0,1931,2021-11-08T04:41:59.961761+00:00
https://shakespeareandco.princeton.edu/books/paul-amazon/,The Amazon,"Paul, Elliot",,,,,,1930,Book,False,,,,1,1,0,1931,2021-01-18T02:57:54+00:00
https://shakespeareandco.princeton.edu/books/merrick-little-dog-laughed/,The Little Dog Laughed,"Merrick, Leonard",,,,,,1930,Book,False,,,,1,1,0,1930,2020-05-06T22:52:43+00:00
https://shakespeareandco.princeton.edu/books/barney-one-legion/,The One Who Is Legion,"Barney, Natalie Clifford",,,,,,1930,Book,False,,,,2,1,1,1930;1940,2020-08-18T20:46:57+00:00
https://shakespeareandco.princeton.edu/books/le-gallienne-ship-romance/,There Was a Ship: A Romance,"Le Gallienne, Richard",,,,,,1930,Book,False,,,,1,1,0,1930,2020-04-30T19:40:14+00:00
https://shakespeareandco.princeton.edu/books/wilder-woman-andros/,The Woman of Andros,"Wilder, Thornton",,,,,,1930,Book,False,https://archive.org/details/in.ernet.dli.2015.268571,,,2,2,0,1930;1939,2021-10-28T12:04:34.424945+00:00
https://shakespeareandco.princeton.edu/books/bromfield-twenty-four-hours/,Twenty-Four Hours,"Bromfield, Louis",,,,,,1930,Book,False,https://archive.org/details/in.ernet.dli.2015.459057/mode/2up,,,2,2,0,1939;1935,2021-10-31T18:58:55.494350+00:00
https://shakespeareandco.princeton.edu/books/huddleston-back-montparnasse-glimpses/,Back to Montparnasse: Glimpses of Broadway in Bohemia,"Huddleston, Sisley",,,,,,1931,Book,False,,,,3,3,0,1936;1931;1932,2020-06-29T03:01:47+00:00
https://shakespeareandco.princeton.edu/books/ogden-basic-english-applied/,Basic English Applied (Science),"Ogden, C. K.",,,,,,1931,Book,False,,,Published in the Psyche Miniatures series.,1,0,0,1931,2020-07-19T16:12:10+00:00
https://shakespeareandco.princeton.edu/books/harris-bernard-shaw/,Bernard Shaw: An Unauthorized Biography Based on Firsthand Information,"Harris, Frank",,,,,,1931,Book,False,,,,7,7,0,1931;1932;1933;1934;1936;1937,2020-05-06T17:40:24+00:00
https://shakespeareandco.princeton.edu/books/ogden-brighter-basic-examples/,Brighter Basic: Examples of Basic English for Young Persons of Taste and Feeling,"Ogden, C. K.",,,,,,1931,Book,False,,,,3,0,0,1931,2020-04-30T19:40:21+00:00
https://shakespeareandco.princeton.edu/books/ogden-debabelization-survey-contemporary/,Debabelization: With a Survey of Contemporary Opinion on the Problem of a Universal Language,"Ogden, C. K.",,,,,,1931,Book,False,,,,1,0,0,1931,2020-04-30T19:40:22+00:00
https://shakespeareandco.princeton.edu/books/lewisohn-expression-america/,Expression in America,"Lewisohn, Ludwig",,,,,,1931,Book,False,,,,3,2,1,1932;1935,2020-04-30T19:40:19+00:00
https://shakespeareandco.princeton.edu/books/pound-read/,How to Read,"Pound, Ezra",,,,,,1931,Book,False,,,,2,2,0,1936;1937,2020-04-30T19:40:15+00:00
https://shakespeareandco.princeton.edu/books/stein-write/,How to Write,"Stein, Gertrude",,,,,,1931,Book,False,,,,1,1,0,1939,2020-04-30T19:40:20+00:00
https://shakespeareandco.princeton.edu/books/steffens-autobiography-lincoln-steffens/,The Autobiography of Lincoln Steffens,"Steffens, Lincoln",,,,,,1931,Book,False,https://archive.org/details/autobiographyofl00stef_0/page/n3/mode/2up,Vol. 1;Vol. 2;2 vols.,,3,3,0,1933,2021-03-03T02:03:07+00:00
https://shakespeareandco.princeton.edu/books/aldington-colonels-daughter/,The Colonel's Daughter,"Aldington, Richard",,,,,,1931,Book,False,,,,12,11,0,1931;1932;1934;1935;1939;1940;1941;1947;1948,2020-04-30T19:40:17+00:00
https://shakespeareandco.princeton.edu/books/eastman-literary-mind-place/,The Literary Mind: Its Place in an Age of Science,"Eastman, Max",,,,,,1931,Book,False,https://archive.org/details/in.ernet.dli.2015.475844,,,5,5,0,1932;1934;1935,2021-10-25T23:27:04.782344+00:00
https://shakespeareandco.princeton.edu/books/wilder-long-christmas-dinner/,The Long Christmas Dinner: And Other Plays in One Act,"Wilder, Thornton",,,,,,1931,Book,False,,,,1,1,0,1933,2020-04-30T19:40:15+00:00
https://shakespeareandco.princeton.edu/books/edel-prefaces-henry-james/,The Prefaces of Henry James,"Edel, Leon",,,,,,1931,Book,False,,,,1,1,0,1936,2020-04-30T19:40:21+00:00
https://shakespeareandco.princeton.edu/books/ford-return-yesterday/,To Return to Yesterday: Reminiscences 1894 – 1914,"Ford, Ford Madox",,,,,,1931,Book,False,https://archive.org/details/in.ernet.dli.2015.524559,,,5,5,0,1931;1932;1933;1934,2021-11-01T12:45:00.058758+00:00
https://shakespeareandco.princeton.edu/books/macgreevy-eliot-study/,T. S. Eliot: A Study,"MacGreevy, Thomas",,,,,,1931,Book,False,,,Stuart Gilbert's lending library card indicates that he borrowed James Joyce's copy of *T. S. Eliot: A Study.*,3,3,0,1937;1931,2021-10-31T19:45:20.815781+00:00
https://shakespeareandco.princeton.edu/books/gramont-years-plenty/,Years of Plenty,"Gramont, Élisabeth de",,"Llona, Florence;Llona, Victor",,,,1931,Book,False,,,,1,1,0,1932,2020-08-02T02:12:52+00:00
https://shakespeareandco.princeton.edu/books/callaghan-broken-journey/,A Broken Journey,"Callaghan, Morley",,,,,,1932,Book,False,,,,1,1,0,1934,2020-04-30T19:40:19+00:00
https://shakespeareandco.princeton.edu/books/bromfield-modern-hero/,A Modern Hero,"Bromfield, Louis",,,,,,1932,Book,False,,,,11,11,0,1932;1933;1934;1935;1939;1940;1941,2021-11-14T19:36:48.519916+00:00
https://shakespeareandco.princeton.edu/books/hemingway-death-afternoon/,Death in the Afternoon,"Hemingway, Ernest",,,,,,1932,Book,False,https://archive.org/details/in.ernet.dli.2015.85286,,,23,22,1,1932;1933;1934;1936;1937;1938;1940;1941,2021-05-02T02:03:11+00:00
https://shakespeareandco.princeton.edu/books/rodker-memoirs-fronts/,Memoirs of Other Fronts,"Rodker, John",,,,,,1932,Book,False,,,,1,1,0,1932,2020-04-30T19:40:17+00:00
https://shakespeareandco.princeton.edu/books/tate-poems/,Poems,"Tate, Allen",,,,,,1932,Book,False,,,,5,5,0,1938;1939;1934,2021-11-09T20:49:43.083273+00:00
https://shakespeareandco.princeton.edu/books/aldington-soft-answers/,Soft Answers,"Aldington, Richard",,,,,,1932,Book,False,https://archive.org/details/dli.ministry.22934,,,3,3,0,1932;1933,2021-11-05T03:15:26.625106+00:00
https://shakespeareandco.princeton.edu/books/coyle-french-husband/,The French Husband,"Coyle, Kathleen",,,,,,1932,Book,False,,,,6,5,0,1932;1941;1934,2020-04-30T19:40:15+00:00
https://shakespeareandco.princeton.edu/books/stern-heartless-land/,The Heartless Land,"Stern, James",,,,,,1932,Book,False,,,,8,7,0,1936;1939;1934;1935,2020-04-30T19:40:18+00:00
https://shakespeareandco.princeton.edu/books/indefinite-huntress-stories/,The Indefinite Huntress and Other Stories,"McAlmon, Robert",,,,,,1932,Book,False,,,,1,1,0,1961;1962,2020-05-06T02:29:11+00:00
https://shakespeareandco.princeton.edu/books/jolas-language-night/,The Language of Night,"Jolas, Eugene",,,,,,1932,Book,False,,,,18,0,18,1932;1933,2020-04-30T19:40:15+00:00
https://shakespeareandco.princeton.edu/books/gorman-scottish-queen/,The Scottish Queen,"Gorman, Herbert Sherman",,,,,,1932,Book,False,,,,3,3,0,1942;1934,2020-04-30T19:40:18+00:00
https://shakespeareandco.princeton.edu/books/beach-twentieth-century-novel/,The Twentieth Century Novel: Studies in Technique,"Beach, Joseph",,,,,,1932,Book,False,https://archive.org/details/dli.bengal.10689.20830,,,10,10,0,1933;1935;1936;1938;1940;1941,2021-10-31T18:59:56.865589+00:00
https://shakespeareandco.princeton.edu/books/ford-wicked-man/,When the Wicked Man,"Ford, Ford Madox",,,,,,1932,Book,False,,,,3,3,0,1932;1935,2020-04-30T19:40:18+00:00
https://shakespeareandco.princeton.edu/books/aldington-men-enemies/,All Men Are Enemies: A Romance,"Aldington, Richard",,,,"Kent, Rockwell",,1933,Book,False,,,,9,9,0,1933;1934;1935;1936;1937;1940,2021-07-01T17:30:21+00:00
https://shakespeareandco.princeton.edu/books/macleish-conquistador/,Conquistador,"MacLeish, Archibald",,,,,,1933,Book,False,,,,9,6,3,1939;1933;1934;1935,2020-07-04T01:07:43+00:00
https://shakespeareandco.princeton.edu/books/macleish-frescoes-mr-rockefellers/,Frescoes for Mr. Rockefeller's City,"MacLeish, Archibald",,,,,,1933,Book,False,,,,1,1,0,1934,2020-04-30T19:40:18+00:00
https://shakespeareandco.princeton.edu/books/ford-nightingale/,It Was the Nightingale,"Ford, Ford Madox",,,,,,1933,Book,False,https://archive.org/details/in.ernet.dli.2015.38571,,,5,4,0,1933;1934;1935,2021-07-12T21:43:18+00:00
https://shakespeareandco.princeton.edu/books/bishop-now-love/,Now with His Love,"Bishop, John Peale",,,,,,1933,Book,False,,,,1,0,1,1939,2020-07-06T02:16:54+00:00
https://shakespeareandco.princeton.edu/books/gascoyne-opening-day/,Opening Day,"Gascoyne, David",,,,,,1933,Book,False,,,,2,2,0,1933,2020-04-30T19:40:21+00:00
https://shakespeareandco.princeton.edu/books/spender-poems/,Poems,"Spender, Stephen",,,,,,1933,Book,False,https://archive.org/details/in.ernet.dli.2015.184305,,,8,8,0,1933;1934;1935;1937;1938;1940,2021-11-09T20:23:45.539840+00:00
https://shakespeareandco.princeton.edu/books/macleish-poems-1924-1933/,"Poems, 1924 – 1933","MacLeish, Archibald",,,,,,1933,Book,False,https://archive.org/details/poems19241933031358mbp,,,6,5,1,1934;1935;1937;1938;1939,2021-11-09T00:24:37.957711+00:00
https://shakespeareandco.princeton.edu/books/pound-abc-economics/,The ABC of Economics,"Pound, Ezra",,,,,,1933,Book,False,https://archive.org/details/IA.TheABCOfEconomics.410240,,,2,0,2,1933,2020-07-18T01:05:49+00:00
https://shakespeareandco.princeton.edu/books/stein-autobiography-alice-b/,The Autobiography of Alice B. Toklas,"Stein, Gertrude",,,,,,1933,Book,False,https://pressbooks.library.ryerson.ca/toklas/,,,17,14,1,1933;1934;1935;1936;1940,2021-03-03T01:57:58+00:00
https://shakespeareandco.princeton.edu/books/bromfield-farm/,The Farm,"Bromfield, Louis",,,,,,1933,Book,False,https://archive.org/details/in.ernet.dli.2015.101530/page/n1/mode/2up,,,12,10,1,1933;1934;1935;1937;1939;1940;1941,2021-06-05T22:21:56+00:00
https://shakespeareandco.princeton.edu/books/ford-rash-act/,The Rash Act,"Ford, Ford Madox",,,,,,1933,Book,False,,,,1,1,0,1933,2021-11-08T14:12:35.983238+00:00
https://shakespeareandco.princeton.edu/books/aragon-red-front/,The Red Front,"Aragon, Louis",,,,,,1933,Book,False,,,,1,0,1,1933,2020-04-30T19:40:16+00:00
https://shakespeareandco.princeton.edu/books/schlumberger-seventh-age-saint/,"The Seventh Age: Or, Saint Saturnin","Schlumberger, Jean",,"Bussy, Dorothy",,,,1933,Book,False,,,,2,2,0,1936;1935,2020-04-30T19:40:20+00:00
https://shakespeareandco.princeton.edu/books/lewisohn-people/,This People,"Lewisohn, Ludwig",,,,,,1933,Book,False,https://archive.org/details/eternalpeoplethe00lewi/page/n9/mode/2up,,,1,1,0,1933,2021-11-04T02:06:27.356046+00:00
https://shakespeareandco.princeton.edu/books/hemingway-winner-take-nothing/,Winner Take Nothing,"Hemingway, Ernest",,,,,,1933,Book,False,,,,22,20,0,1933;1934;1936;1937;1938;1939;1940;1941,2020-04-30T19:40:19+00:00
https://shakespeareandco.princeton.edu/books/pound-abc-reading/,ABC of Reading,"Pound, Ezra",,,,,,1934,Book,False,https://monoskop.org/images/a/a4/Pound_Ezra_ABC_of_Reading.pdf,,,3,3,0,1941;1935,2020-07-18T01:06:21+00:00
https://shakespeareandco.princeton.edu/books/eastman-artists-uniform-study/,Artists in Uniform: A Study of Literature and Bureaucratism,"Eastman, Max",,,,,,1934,Book,False,,,,3,3,0,1935,2020-04-30T19:40:19+00:00
https://shakespeareandco.princeton.edu/books/rogers-dusk-grove/,Dusk at the Grove,"Rogers, Samuel",,,,,,1934,Book,False,,,,8,6,0,1940;1935,2020-04-30T19:40:19+00:00
https://shakespeareandco.princeton.edu/books/pound-eleven-new-cantos/,Eleven New Cantos: XXXI – XLI,"Pound, Ezra",,,,,,1934,Book,False,,,,5,5,0,1938;1939;1935,2020-07-04T02:37:52+00:00
https://shakespeareandco.princeton.edu/books/cowley-exiles-return-narrative/,Exile's Return: A Narrative of Ideas,"Cowley, Malcolm",,,,,,1934,Book,False,,,,4,4,0,1939;1935,2020-04-30T19:40:14+00:00
https://shakespeareandco.princeton.edu/books/porter-hacienda/,Hacienda,"Porter, Katherine Anne",,,,,,1934,Book,False,,,,1,1,0,1935,2020-04-30T19:40:16+00:00
https://shakespeareandco.princeton.edu/books/wilder-heavens-destination/,Heaven's My Destination,"Wilder, Thornton",,,,,,1934,Book,False,,,,25,24,0,1934;1935;1936;1938;1939;1940;1941;1943;1944,2020-04-30T19:40:14+00:00
https://shakespeareandco.princeton.edu/books/louis-bromfield-today-gone-tomorrow/,Here Today and Gone Tomorrow,"Bromfield, Louis",,,,,,1934,Book,False,,,,9,9,0,1939;1941;1934;1935,2020-04-30T19:40:14+00:00
https://shakespeareandco.princeton.edu/books/pound-make-new/,Make It New,"Pound, Ezra",,,,,,1934,Book,False,https://archive.org/details/in.ernet.dli.2015.185999,,,5,5,0,1957;1934;1935;1937;1939,2021-11-15T19:21:52.992558+00:00
https://shakespeareandco.princeton.edu/books/beckett-pricks-kicks/,More Pricks Than Kicks,"Beckett, Samuel",,,,,,1934,Book,False,,,,3,1,2,1934;1935,2020-07-06T00:56:20+00:00
https://shakespeareandco.princeton.edu/books/macgreevy-poems/,Poems,"MacGreevy, Thomas",,,,,,1934,Book,False,,,,1,0,1,1935,2020-04-30T19:40:21+00:00
https://shakespeareandco.princeton.edu/books/fitzgerald-tender-night/,Tender Is the Night,"Fitzgerald, F. Scott",,,,,,1934,Book,False,https://archive.org/details/in.ernet.dli.2015.80234,,,7,6,1,1936;1937;1939;1934,2021-11-04T03:22:43.144829+00:00
https://shakespeareandco.princeton.edu/books/firbank-artificial-princess/,The Artificial Princess,"Firbank, Ronald",,,,,,1934,Book,False,,,,3,3,0,1934,2020-04-30T19:40:19+00:00
https://shakespeareandco.princeton.edu/books/joyce-mime-mick-nick/,"The Mime of Mick, Nick, and the Maggies","Joyce, James",,,,,,1934,Book,False,http://www.riverrun.org.uk/jj/Mime.pdf,,,9,0,7,1934,2020-08-12T19:21:33+00:00
https://shakespeareandco.princeton.edu/books/spender-vienna/,Vienna,"Spender, Stephen",,,,,,1934,Book,False,,,,4,4,0,1939;1934;1935,2020-04-30T19:40:15+00:00
https://shakespeareandco.princeton.edu/books/aldington-women-must-work/,Women Must Work: A Novel,"Aldington, Richard",,,,,,1934,Book,False,https://archive.org/details/in.ernet.dli.2015.526802,,,8,8,0,1934;1935;1937;1938;1940,2021-10-28T11:58:23.745988+00:00
https://shakespeareandco.princeton.edu/books/beckett-echos-bones-precipitates/,Echo's Bones and Other Precipitates,"Beckett, Samuel",,,,,,1935,Book,False,,,,1,0,1,1936,2020-04-30T19:40:20+00:00
https://shakespeareandco.princeton.edu/books/briffault-europa-days-ignorance/,Europa: The Days of Ignorance,"Briffault, Robert",,,,,,1935,Book,False,,,,9,9,0,1936;1937;1938;1935,2020-06-29T12:11:46+00:00
https://shakespeareandco.princeton.edu/books/hemingway-green-hills-africa/,Green Hills of Africa,"Hemingway, Ernest",,,,,,1935,Book,False,https://archive.org/details/in.ernet.dli.2015.148694,,,9,8,1,1936;1937;1938;1939;1940;1941;1948,2021-06-22T17:24:52+00:00
https://shakespeareandco.princeton.edu/books/stein-lectures-america/,Lectures in America,"Stein, Gertrude",,,,,,1935,Book,False,,,,3,3,0,1936;1935,2020-04-30T19:40:15+00:00
https://shakespeareandco.princeton.edu/books/guilloux-sang-noir/,Le sang noir,"Guilloux, Louis",,,,,,1935,Book,False,,,,1,0,0,1937,2020-07-19T15:36:44+00:00
https://shakespeareandco.princeton.edu/books/stein-narration-four-lectures/,Narration: Four Lectures,"Stein, Gertrude",,,,,,1935,Book,False,,,,3,3,0,1936;1937;1940,2020-04-30T19:40:21+00:00
https://shakespeareandco.princeton.edu/books/macleish-panic/,Panic,"MacLeish, Archibald",,,,,,1935,Book,False,,,,3,3,0,1936;1939;1935,2020-04-30T19:40:20+00:00
https://shakespeareandco.princeton.edu/books/boyd-roll-river/,Roll River,"Boyd, James",,,,,,1935,Book,False,,,,4,4,0,1936;1941;1935,2020-04-30T19:40:15+00:00
https://shakespeareandco.princeton.edu/books/spender-destructive-element-study/,The Destructive Element: A Study of Modern Writers and Beliefs,"Spender, Stephen",,,,,,1935,Book,False,https://archive.org/details/in.ernet.dli.2015.86774,,,10,10,0,1935;1936;1937;1938;1939,2021-05-04T02:10:53+00:00
https://shakespeareandco.princeton.edu/books/louis-bromfield-man-everything/,The Man Who Had Everything,"Bromfield, Louis",,,,,,1935,Book,False,https://archive.org/details/in.ernet.dli.2015.85556,,,1,1,0,1935,2021-11-15T19:56:43.946674+00:00
https://shakespeareandco.princeton.edu/books/callaghan-shall-inherit-earth/,They Shall Inherit the Earth,"Callaghan, Morley",,,,,,1935,Book,False,,,,2,2,0,1935,2020-04-30T19:40:18+00:00
https://shakespeareandco.princeton.edu/books/louis-bromfield-happen/,It Had to Happen,"Bromfield, Louis",,,,,,1936,Book,False,https://archive.org/details/dli.ernet.241602,,,6,6,0,1937;1939;1940;1947;1948,2021-07-12T21:41:38+00:00
https://shakespeareandco.princeton.edu/books/barnes-nightwood/,Nightwood,"Barnes, Djuna",,,,,,1936,Book,False,http://web.uvic.ca/~mvp1922/wp-content/uploads/2017/02/Nightwood.pdf,,,16,15,0,1936;1937;1938;1939;1940;1941;1942,2021-11-13T01:17:50.920420+00:00
https://shakespeareandco.princeton.edu/books/porter-pale-horse-pale/,"Pale Horse, Pale Rider","Porter, Katherine Anne",,,,,,1936,Book,False,https://archive.org/details/in.ernet.dli.2015.27876,,,7,6,1,1939;1940;1941,2021-11-11T14:14:36.178935+00:00
https://shakespeareandco.princeton.edu/books/macleish-public-speech-poems/,Public Speech: Poems,"MacLeish, Archibald",,,,,,1936,Book,False,,,,2,0,2,1938;1939,2020-07-06T12:40:01+00:00
https://shakespeareandco.princeton.edu/books/tate-reactionary-essays-poetry/,Reactionary Essays on Poetry and Ideas,"Tate, Allen",,,,,,1936,Book,False,,,,6,4,1,1936;1937;1938;1939,2020-04-30T19:40:19+00:00
https://shakespeareandco.princeton.edu/books/spender-burning-cactus/,The Burning Cactus,"Spender, Stephen",,,,,,1936,Book,False,https://archive.org/details/in.ernet.dli.2015.22995,,,22,22,0,1936;1937;1938;1939;1940,2021-04-02T01:47:21+00:00
https://shakespeareandco.princeton.edu/books/connolly-rock-pool/,The Rock Pool,"Connolly, Cyril",,,,,,1936,Book,False,,,,3,3,0,1937;1940,2020-04-30T19:40:17+00:00
https://shakespeareandco.princeton.edu/books/briffault-europa-limbo/,Europa in Limbo,"Briffault, Robert",,,,,,1937,Book,False,,,,2,2,0,1937,2020-04-30T19:40:18+00:00
https://shakespeareandco.princeton.edu/books/stein-everybodys-autobiography/,Everybody's Autobiography,"Stein, Gertrude",,,,,,1937,Book,False,,,,6,6,0,1938;1939,2020-04-30T19:40:21+00:00
https://shakespeareandco.princeton.edu/books/spender-forward-liberalism/,Forward from Liberalism,"Spender, Stephen",,,,,,1937,Book,False,,,,5,5,0,1937,2020-04-30T19:40:17+00:00
https://shakespeareandco.princeton.edu/books/paul-elliot-life-death-spanish/,Life and Death of a Spanish Town,"Paul, Elliot",,,,,,1937,Book,False,,,,7,7,0,1937;1938;1939;1940,2020-04-30T19:40:14+00:00
https://shakespeareandco.princeton.edu/books/mcalmon-alone-lost-poems/,Not Alone Lost: Poems,"McAlmon, Robert",,,,,,1937,Book,False,,,,2,1,0,1939;1947,2020-04-30T19:40:14+00:00
https://shakespeareandco.princeton.edu/books/pound-polite-essays/,Polite Essays,"Pound, Ezra",,,,,,1937,Book,False,,,,4,4,0,1937;1938;1939;1957,2020-04-30T19:40:19+00:00
https://shakespeareandco.princeton.edu/books/gide-retouches-retour-u/,"Retouches à mon ""Retour de l'U.R.S.S.""","Gide, André",,,,,,1937,Book,False,,,,1,0,0,1937,2020-07-06T12:53:43+00:00
https://shakespeareandco.princeton.edu/books/tate-selected-poems/,Selected Poems,"Tate, Allen",,,,,,1937,Book,False,,,,3,2,1,1938;1939,2020-04-30T19:40:18+00:00
https://shakespeareandco.princeton.edu/books/louis-bromfield-rains-came/,The Rains Came,"Bromfield, Louis",,,,,,1937,Book,False,https://archive.org/details/in.ernet.dli.2015.268473/mode/2up,,,24,24,0,1937;1938;1939;1940;1941;1947;1948,2021-11-08T14:13:37.713243+00:00
https://shakespeareandco.princeton.edu/books/asch-road-search-america/,The Road: In Search of America,"Asch, Nathan",,,,,,1937,Book,False,,,,3,3,0,1937;1938,2021-10-29T18:38:35.191229+00:00
https://shakespeareandco.princeton.edu/books/brinig-sisters/,The Sisters,"Brinig, Myron",,,,,,1937,Book,False,,,,5,5,0,1938;1940,2020-04-30T19:40:18+00:00
https://shakespeareandco.princeton.edu/books/dennis-tail-comet/,The Tail of the Comet,"Dennis, Mary Cable",,,,,,1937,Book,False,,,,2,2,0,1938;1940;1942,2020-04-30T19:40:19+00:00
https://shakespeareandco.princeton.edu/books/benet-thirteen-oclock-stories/,Thirteen O'Clock: Stories of Several Worlds,"Benét, Stephen Vincent",,,,,,1937,Book,False,,,,2,2,0,1938,2020-04-30T19:40:15+00:00
https://shakespeareandco.princeton.edu/books/hemingway-to-have-and/,To Have and Have Not,"Hemingway, Ernest",,,,,,1937,Book,False,https://archive.org/details/ToHaveAndHaveNot,,,23,23,0,1937;1938;1939;1940;1941,2021-11-03T01:10:37.177108+00:00
https://shakespeareandco.princeton.edu/books/aldington-heaven/,Very Heaven,"Aldington, Richard",,,,,,1937,Book,False,https://archive.org/details/dli.ministry.24428,,,15,15,0,1937;1938;1940,2021-10-30T23:00:25.146252+00:00
https://shakespeareandco.princeton.edu/books/mcalmon-geniuses-together/,Being Geniuses Together,"McAlmon, Robert",,,,,,1938,Book,False,,,,8,8,0,1938;1939;1940,2020-05-06T02:29:58+00:00
https://shakespeareandco.princeton.edu/books/connolly-enemies-promise/,Enemies of Promise,"Connolly, Cyril",,,,,,1938,Book,False,https://archive.org/details/in.ernet.dli.2015.101265/page/n1/mode/2up,,,17,14,1,1938;1939;1940;1941,2021-05-25T21:15:31+00:00
https://shakespeareandco.princeton.edu/books/jolas-seen-monster-angels/,I Have Seen Monster and Angels,"Jolas, Eugene",,,,,,1938,Book,False,,,,1,1,0,1939,2020-06-28T19:47:29+00:00
https://shakespeareandco.princeton.edu/books/louis-bromfield-takes-kinds/,It Takes All Kinds,"Bromfield, Louis",,,,,,1938,Book,False,,,,9,9,0,1939;1940;1941,2020-04-30T19:40:17+00:00
https://shakespeareandco.princeton.edu/books/beckett-murphy/,Murphy,"Beckett, Samuel",,,,,,1938,Book,False,https://archive.org/details/dli.ernet.242511,,,4,3,0,1938;1939,2021-11-13T22:23:00.222872+00:00
https://shakespeareandco.princeton.edu/books/mckenney-sister-eileen/,My Sister Eileen,"McKenney, Ruth",,,,,,1938,Book,False,,,,7,7,0,1938;1939;1941,2020-04-30T19:40:21+00:00
https://shakespeareandco.princeton.edu/books/wilder-town/,Our Town,"Wilder, Thornton",,,,,,1938,Book,False,,,,1,1,0,1938,2020-04-30T19:40:15+00:00
https://shakespeareandco.princeton.edu/books/stein-picasso/,Picasso,"Stein, Gertrude",,,,,,1938,Book,False,,,,1,0,1,1938,2020-07-06T03:45:31+00:00
https://shakespeareandco.princeton.edu/books/michaux-plume-precede-lointain/,Plume: Précédé de lointain intérieur,"Michaux, Henri",,,,,,1938,Book,False,,,,1,1,0,1947,2020-07-19T15:38:19+00:00
https://shakespeareandco.princeton.edu/books/aldington-seven-reeves-comedy/,Seven against Reeves: A Comedy-Farce,"Aldington, Richard",,,,,,1938,Book,False,,,,13,12,0,1938;1939,2020-07-23T13:20:56+00:00
https://shakespeareandco.princeton.edu/books/stern-something-wrong-collective/,Something Wrong: A Collective of Twelve Stories,"Stern, James",,,,,,1938,Book,False,,,,4,4,0,1939;1940,2020-06-28T19:48:56+00:00
https://shakespeareandco.princeton.edu/books/tate-fathers/,The Fathers,"Tate, Allen",,,,,,1938,Book,False,,,,7,7,0,1939;1941,2020-07-05T02:32:19+00:00
https://shakespeareandco.princeton.edu/books/hemingway-fifth-column-first/,The Fifth Column and the First Forty-Nine Stories,"Hemingway, Ernest",,,,,,1938,Book,False,,,,20,14,0,1938;1939;1940;1941;1943,2020-04-30T19:40:19+00:00
https://shakespeareandco.princeton.edu/books/spender-trial-judge-tragedy/,Trial of a Judge: A Tragedy in Five Acts,"Spender, Stephen",,,,,,1938,Book,False,https://archive.org/details/trialofajudge002334mbp,,,13,13,0,1938;1939;1941,2021-11-01T04:07:16.252417+00:00
https://shakespeareandco.princeton.edu/books/joyce-finnegans-wake/,Finnegans Wake,"Joyce, James",,,,,,1939,Book,False,https://archive.org/details/in.ernet.dli.2015.207614/page/n5/mode/2up,,,12,4,6,1939;1940;1941,2020-05-14T20:08:28+00:00
https://shakespeareandco.princeton.edu/books/keun-think-aloud-america/,I Think Aloud in America,"Keun, Odette",,,,,,1939,Book,False,https://archive.org/details/in.ernet.dli.2015.175997,,,4,4,0,1939,2021-07-11T20:22:53+00:00
https://shakespeareandco.princeton.edu/books/paul-elliot-stars-stripes-forever/,Stars and Stripes Forever,"Paul, Elliot",,,,,,1939,Book,False,,,,2,2,0,1939;1940,2020-04-30T19:40:16+00:00
https://shakespeareandco.princeton.edu/books/spender-still-centre/,The Still Centre,"Spender, Stephen",,,,,,1939,Book,False,https://archive.org/details/in.ernet.dli.2015.182727,,,8,3,4,1939,2021-11-05T01:30:56.654783+00:00
https://shakespeareandco.princeton.edu/books/wright-native/,Native Son,"Wright, Richard",,,,,,1940,Book,False,https://archive.org/details/in.ernet.dli.2015.499539,,"On December 4, 1946, Sylvia Beach sent a copies of *Black Boy* and *Native Son* to Jean Denoël, who was helping to arrange for Italian translations of Wright's work.",8,6,0,1946;1940;1941;1943,2021-11-13T19:28:49.618571+00:00
https://shakespeareandco.princeton.edu/books/spender-backward/,The Backward Son,"Spender, Stephen",,,,,,1940,Book,False,,,,10,8,1,1944;1940;1941;1942,2020-04-30T19:40:16+00:00
https://shakespeareandco.princeton.edu/books/wright-black-boy/,Black Boy,"Wright, Richard",,,,,,1945,Book,False,https://archive.org/details/in.ernet.dli.2015.5717/page/n5/mode/2up,,"On December 4, 1946, Sylvia Beach sent a copies of *Black Boy* and *Native Son* to Jean Denoël, who was helping to arrange for Italian translations of Wright's work.",5,4,0,1946;1947;1958,2020-08-13T20:59:04+00:00
https://shakespeareandco.princeton.edu/books/spender-poetry-since-1939/,Poetry since 1939,"Spender, Stephen",,,,,,1946,Book,False,,,,3,3,0,1952;1953,2020-04-30T19:40:16+00:00
https://shakespeareandco.princeton.edu/books/larbaud-lettres-andre-gide/,Lettres à André Gide,"Larbaud, Valery",,,,,,1948,Book,False,,,,1,1,0,1956,2020-06-15T16:02:11+00:00
https://shakespeareandco.princeton.edu/books/stern-man-loved/,The Man Who Was Loved,"Stern, James",,,,,,1951,Book,False,,,,1,1,0,1961,2020-04-30T19:40:14+00:00
https://shakespeareandco.princeton.edu/books/fitzgerald-short-stories-f/,The Short Stories of F. Scott Fitzgerald,"Fitzgerald, F. Scott",,,"Cowley, Malcolm",,,1951,Book,False,,,,2,2,0,1958,2020-06-03T12:02:44+00:00
https://shakespeareandco.princeton.edu/books/porter-day/,The Day Before,"Porter, Katherine Anne",,,,,,1952,Book,False,,,,1,1,0,1955,2020-06-28T02:06:42+00:00
https://shakespeareandco.princeton.edu/books/bryher-fourteenth-october/,The Fourteenth of October,Bryher,,,,,,1952,Book,False,,,,2,2,0,1952;1953,2020-04-30T19:40:18+00:00
https://shakespeareandco.princeton.edu/books/bryher-players-boy/,The Player's Boy,Bryher,,,,,,1953,Book,False,,,,1,1,0,1953,2020-04-30T19:40:16+00:00
https://shakespeareandco.princeton.edu/books/michaux-infini-turbulent/,L'Infini turbulent,"Michaux, Henri",,,,,,1957,Book,False,,,,1,0,0,1957,2020-06-26T20:18:00+00:00
https://shakespeareandco.princeton.edu/books/joyce-brothers-keeper-james/,My Brother's Keeper: James Joyce's Early Years,"Joyce, Stanislaus",,,"Eliot, T. S.;Ellmann, Richard",,,1958,Book,False,,,,1,1,0,1960;1958,2021-07-26T19:27:12+00:00
https://shakespeareandco.princeton.edu/books/beach-shakespeare-company/,Shakespeare and Company,"Beach, Sylvia",,,,,,1959,Book,False,,,,2,2,0,1961,2020-04-30T19:40:21+00:00
https://shakespeareandco.princeton.edu/books/bryher-heart-artemis-writers/,The Heart to Artemis: A Writer's Memoir,Bryher,,,,,,1962,Book,False,,,,1,0,0,1962,2020-07-05T03:26:49+00:00
https://shakespeareandco.princeton.edu/books/joyce-fragments-work-progress/,Fragments from Work in Progress,"Joyce, James",,,,,,,Book,True,,,"Unidentified editions. Early versions of Joyce's [*Finnegans Wake*](https://shakespeareandco.princeton.edu/books/joyce-finnegans-wake/) (1939). Likely [*Tales Told of Shem and Shaun: Three Fragments from Work in Progress*](http://www.riverrun.org.uk/jj/Tales.pdf) (1929), *Two Tales of Shem and Shaun: Fragments from Work in Progress* (1932), or a collection of offprints from [*transition*](https://shakespeareandco.princeton.edu/books/jolas-transition/). Sylvia Beach's personal library includes a [bound copy of offprints](https://catalog.princeton.edu/catalog/2943072). See also [*Work in Progress*](https://shakespeareandco.princeton.edu/books/joyce-work-progress/).",5,5,0,1933;1934;1935,2021-11-15T23:24:24.323819+00:00
https://shakespeareandco.princeton.edu/books/hemingway-time/,In Our Time,"Hemingway, Ernest",,,,,,,Book,True,,,Unidentified edition. Either Hemingway's *in our time* (1924) or *In Our Time* (1925).,16,14,1,1925;1926;1927;1934;1935;1936;1938;1939;1940;1941,2021-11-21T01:09:58.388462+00:00
https://shakespeareandco.princeton.edu/books/joyce-work-progress/,Work in Progress,"Joyce, James",,,,,,,Book,True,,,Unidentified edition. Early versions of Joyce's [*Finnegans Wake*](https://shakespeareandco.princeton.edu/books/joyce-finnegans-wake/) (1939). Likely a collection of offprints from [*transition*](https://shakespeareandco.princeton.edu/books/jolas-transition/). Sylvia Beach's personal library includes a [bound copy of offprints](https://catalog.princeton.edu/catalog/2943072). See also [*Fragments from Work in Progress*](https://shakespeareandco.princeton.edu/books/joyce-fragments-work-progress/).,4,3,1,1936;1938;1933,2021-11-15T22:54:32.226239+00:00
